Name,Storage_details,Screen_size,Camera_details,Battery_details,Processor,Warranty,Price in Rupees
"CMF by Nothing Phone 2 Pro (Black, 128 GB)",8 GB RAM | 128 GB ROM | Expandable Upto 2 TB,17.2 cm (6.77 inch) Display,50MP + 50MP + 8MP | 16MP Front Camera,5000 mAh Battery,Dimensity 7300 Pro 5G Processor,1 Year Manufacturing Warranty,"18,999"
"Nothing Phone (3a) (White, 128 GB)",8 GB RAM | 128 GB ROM,43.66 cm (17.19 cm) Full HD+ Display,50MP (Main) + 50MP (2X Tele Photo) + 8MP (Ultra-Wide) | 32MP Front Camera,5000 mAh Battery,7s Gen3 Processor,1 Year Manufacturing Warranty,"24,999"
"Motorola g45 5G (Pink Lavender, 128 GB)",4 GB RAM | 128 GB ROM | Expandable Upto 1 TB,16.51 cm (6.5 inch) HD+ Display,50MP + 2MP | 16MP Front Camera,5000 mAh Battery,Snapdragon 6s Gen 3 Processor,1 Year Warranty on Handset and 6 Months Warranty on Accessories,"10,999"
"REDMI A3X (Olive Green, 64 GB)",3 GB RAM | 64 GB ROM | Expandable Upto 1 TB,17.04 cm (6.71 inch) HD+ Display,8MP Rear Camera | 5MP Front Camera,5000 mAh Battery,1 Year Manufacturer Warranty for Phone and 6 Months Warranty for In the Box Accessories,No data,"5,999"
"Nothing Phone (3a) Pro (Grey, 256 GB)",12 GB RAM | 256 GB ROM,43.66 cm (17.19 cm) Full HD+ Display,50MP (Main) + 50MP (3X Periscope)+ 8MP (Ultra-Wide) | 50MP Front Camera,5000 mAh Battery,7s Gen3 Processor,1 Year Manufacturing Warranty,"33,999"
"Samsung Galaxy S25 Ultra 5G (Titanium Black, 512 GB)",12 GB RAM | 512 GB ROM,17.53 cm (6.9 inch) Quad HD+ Display,200MP + 50MP + 50MP + 10MP | 12MP Front Camera,5000 mAh Battery,8 Elite for Galaxy Processor,1 Year Manufacturer Warranty for Device and 6 Months for In-Box Accessories,"1,29,999"
"MOTOROLA g35 5G (Guava Red, 128 GB)",4 GB RAM | 128 GB ROM | Expandable Upto 1 TB,17.07 cm (6.72 inch) Full HD+ Display,50MP + 8MP | 16MP Front Camera,5000 mAh Battery,T760 Processor,12 5G Bands with VoNR|4K Video Recording|Vision Booster Technology,"9,999"
"vivo T4x 5G (Pronto Purple, 128 GB)",8 GB RAM | 128 GB ROM,17.07 cm (6.72 inch) Display,50MP + 2MP | 8MP Front Camera,6500 mAh Battery,Dimensity 7300 5G Processor,1 Year Warranty for Device and 6 Months Warranty for Accessories,"14,999"
"POCO C75 5G (Enchanted Green, 64 GB)",4 GB RAM | 64 GB ROM | Expandable Upto 1 TB,17.48 cm (6.88 inch) HD+ Display,50MP Rear Camera | 5MP Front Camera,5160 mAh Battery,4s Gen 2 5G Processor,1 Year Manufacturer Warranty for Phone and 6 Months Warranty for In the Box Accessories,"7,699"
"Motorola g45 5G (Brilliant Blue, 128 GB)",8 GB RAM | 128 GB ROM | Expandable Upto 1 TB,16.51 cm (6.5 inch) HD+ Display,50MP + 2MP | 16MP Front Camera,5000 mAh Battery,Snapdragon 6s Gen 3 Processor,1 Year Warranty on Handset and 6 Months Warranty on Accessories,"11,999"
"Samsung Galaxy S25 Ultra 5G (Titanium Silverblue, 512 GB)",12 GB RAM | 512 GB ROM,17.53 cm (6.9 inch) Quad HD+ Display,200MP + 50MP + 50MP + 10MP | 12MP Front Camera,5000 mAh Battery,8 Elite for Galaxy Processor,1 Year Manufacturer Warranty for Device and 6 Months for In-Box Accessories,"1,29,999"
"Samsung Galaxy S25 Ultra 5G (Titanium Silverblue, 1024 GB)",12 GB RAM | 1024 GB ROM,17.53 cm (6.9 inch) Quad HD+ Display,200MP + 50MP + 50MP + 10MP | 12MP Front Camera,5000 mAh Battery,8 Elite for Galaxy Processor,1 Year Manufacturer Warranty for Device and 6 Months for In-Box Accessories,"1,53,999"
"vivo T4x 5G (Marine Blue, 128 GB)",6 GB RAM | 128 GB ROM,17.07 cm (6.72 inch) Display,50MP + 2MP | 8MP Front Camera,6500 mAh Battery,Dimensity 7300 5G Processor,1 Year Warranty for Device and 6 Months Warranty for Accessories,"13,999"
"REDMI A5 (Pondicherry Blue, 64 GB)",3 GB RAM | 64 GB ROM | Expandable Upto 2 TB,17.48 cm (6.88 inch) HD+ Display,32MP Rear Camera | 8MP Front Camera,5200 mAh Battery,T7250 Processor,1 Year Manufacturer Warranty for Handset and 6 Months Warranty for In the Box Accessories,"6,499"
"Infinix Note 40X 5G (Lime Green, 256 GB)",12 GB RAM | 256 GB ROM | Expandable Upto 1 TB,17.22 cm (6.78 inch) Full HD+ Display,108MP + 2MP + AI Lens | 8MP Front Camera,5000 mAh Lithium-ion Polymer Battery,Dimensity 6300 Processor,1 Year Warranty on Handset and 6 Months Warranty on Accessories,"13,999"
"Samsung Galaxy F05 (Twilight Blue, 64 GB)",4 GB RAM | 64 GB ROM | Expandable Upto 1 TB,17.12 cm (6.74 inch) HD+ Display,50MP + 2MP | 8MP Front Camera,5000 mAh Battery,Helio G85 Processor,1 Year Manufacturer Warranty for Device and 6 Months for In-Box Accessories,"6,249"
"Samsung Galaxy S25 Ultra 5G (Titanium Whitesilver, 512 GB)",12 GB RAM | 512 GB ROM,17.53 cm (6.9 inch) Quad HD+ Display,200MP + 50MP + 50MP + 10MP | 12MP Front Camera,5000 mAh Battery,8 Elite for Galaxy Processor,1 Year Manufacturer Warranty for Device and 6 Months for In-Box Accessories,"1,29,999"
"Samsung Galaxy S25 Ultra 5G (Titanium Whitesilver, 256 GB)",12 GB RAM | 256 GB ROM,17.53 cm (6.9 inch) Quad HD+ Display,200MP + 50MP + 50MP + 10MP | 12MP Front Camera,5000 mAh Battery,8 Elite for Galaxy Processor,1 Year Manufacturer Warranty for Device and 6 Months for In-Box Accessories,"1,17,999"
"OPPO K13 5G with 7000mAh and 80W SUPERVOOC Charger In-The-Box (Icy Purple, 256 GB)",8 GB RAM | 256 GB ROM,16.94 cm (6.67 inch) Display,50MP + 2MP | 16MP Front Camera,7000 mAh Battery,Snapdragon 6 Gen 4 Processor,80W SUPERVOOC Charger,"19,999"
"realme P3 5G (Space Silver, 256 GB)",8 GB RAM | 256 GB ROM | Expandable Upto 2 TB,16.94 cm (6.67 inch) Full HD+ Display,50MP + 2MP | 16MP Front Camera,6000 mAh Battery,6 Gen 4 Processor,1 Year Manufacturer Warranty for Device and 6 Months Manufacturer Warranty for Inbox Accessories,"18,499"
"Samsung Galaxy S25 Ultra 5G (Titanium Gray, 512 GB)",12 GB RAM | 512 GB ROM,17.53 cm (6.9 inch) Quad HD+ Display,200MP + 50MP + 50MP + 10MP | 12MP Front Camera,5000 mAh Battery,8 Elite for Galaxy Processor,1 Year Manufacturer Warranty for Device and 6 Months for In-Box Accessories,"1,29,999"
"Samsung S25 Ultra 5G (Titanium Gray, 256 GB)",12 GB RAM | 256 GB ROM,17.53 cm (6.9 inch) Quad HD+ Display,200MP + 50MP + 50MP + 10MP | 12MP Front Camera,5000 mAh Battery,8 Elite for Galaxy Processor,1 Year Manufacturer Warranty for Device and 6 Months for In-Box Accessories,"1,17,999"
"MOTOROLA g05 (Forest Green, 64 GB)",4 GB RAM | 64 GB ROM | Expandable Upto 1 TB,16.94 cm (6.67 inch) HD+ Display,50MP Rear Camera | 8MP Front Camera,5200 mAh Battery,Helio G81 Processor,1 Year Warranty on Handset and 6 Months Warranty on Accessories,"7,299"
"Motorola g45 5G (Pink Lavender, 128 GB)",8 GB RAM | 128 GB ROM | Expandable Upto 1 TB,16.51 cm (6.5 inch) HD+ Display,50MP + 2MP | 16MP Front Camera,5000 mAh Battery,Snapdragon 6s Gen 3 Processor,1 Year Warranty on Handset and 6 Months Warranty on Accessories,"11,999"
